{"cameraMode":{"drawMode":0,"name":"Shaded","section":"Shading Mode"},"sceneLighting":false,"audioPlay":false,"sceneViewState":{"showFog":true,"showMaterialUpdate":false,"showSkybox":true,"showFlares":true,"showImageEffects":true,"showParticleSystems":true},"in2DMode":false,"pivot":{"x":-14.860906600952149,"y":4.395935535430908,"z":-3.748697280883789},"rotation":{"x":0.015146244317293167,"y":0.463276207447052,"z":0.007918848656117916,"w":-0.8860491514205933},"size":10.591035842895508,"orthographic":false}