{"cameraMode":{"drawMode":0,"name":"Shaded","section":"Shading Mode"},"sceneLighting":false,"audioPlay":false,"sceneViewState":{"showFog":true,"showMaterialUpdate":false,"showSkybox":true,"showFlares":true,"showImageEffects":true,"showParticleSystems":true},"in2DMode":false,"pivot":{"x":0.06145000085234642,"y":0.07270000129938126,"z":-0.09719999879598618},"rotation":{"x":-0.24258291721343995,"y":0.7283985614776611,"z":-0.3174504339694977,"w":-0.5566096901893616},"size":0.09990148991346359,"orthographic":false}