{"cameraMode":{"drawMode":0,"name":"Shaded","section":"Shading Mode"},"sceneLighting":false,"audioPlay":false,"sceneViewState":{"showFog":true,"showMaterialUpdate":false,"showSkybox":true,"showFlares":true,"showImageEffects":true,"showParticleSystems":true},"in2DMode":false,"pivot":{"x":-5.5414252281188969,"y":-6.199774742126465,"z":-1.6810392141342164},"rotation":{"x":-0.24258291721343995,"y":0.7283985614776611,"z":-0.3174504339694977,"w":-0.5566096901893616},"size":13.98285961151123,"orthographic":false}