{"cameraMode":{"drawMode":0,"name":"Shaded","section":"Shading Mode"},"sceneLighting":false,"audioPlay":false,"sceneViewState":{"showFog":true,"showMaterialUpdate":false,"showSkybox":true,"showFlares":true,"showImageEffects":true,"showParticleSystems":true},"in2DMode":false,"pivot":{"x":0.1440652310848236,"y":0.11487098038196564,"z":-0.1292405128479004},"rotation":{"x":-0.42780616879463198,"y":0.06792251765727997,"z":-0.03226044774055481,"w":-0.9007372856140137},"size":1486.4910888671875,"orthographic":false}