{"cameraMode":{"drawMode":0,"name":"Shaded","section":"Shading Mode"},"sceneLighting":false,"audioPlay":false,"sceneViewState":{"showFog":true,"showMaterialUpdate":false,"showSkybox":true,"showFlares":true,"showImageEffects":true,"showParticleSystems":true},"in2DMode":false,"pivot":{"x":0.08237648010253906,"y":1.1150164604187012,"z":-0.0016289949417114258},"rotation":{"x":-0.020111484453082086,"y":0.9782293438911438,"z":-0.11439049243927002,"w":-0.17198193073272706},"size":4.373520851135254,"orthographic":false}