{"cameraMode":{"drawMode":0,"name":"Shaded","section":"Shading Mode"},"sceneLighting":false,"audioPlay":false,"sceneViewState":{"showFog":true,"showMaterialUpdate":false,"showSkybox":true,"showFlares":true,"showImageEffects":true,"showParticleSystems":true},"in2DMode":false,"pivot":{"x":-0.015200009569525719,"y":0.07249999046325684,"z":-0.22519999742507935},"rotation":{"x":-0.20328658819198609,"y":-0.0423167422413826,"z":0.008795850910246373,"w":-0.9781648516654968},"size":0.4566587805747986,"orthographic":false}